{
  "id": "modelz",
  "layerType": "txt",
  "config": {
    "header": "MODELZ",
    "headerFont": {
      "fontFamily": "Blanka",
      "fontSize": "100rem"
    },
    "subtext": "== Get yours today ==",
    "subtextFont": {
      "fontFamily": "Ailerons",
      "fontSize": "26rem"
    },
    "smallPrint": "Regular maintenance and servicing of the modelz hovercraft are essential for optimal performance and safety. VR training on Vision Ultra is required to operate a hovercraft in the case of engine failure.",
    "smallPrintFont": {
      "fontFamily": "Syncopate",
      "fontSize": "11rem"
    }
  }
}
